--
-- PostgreSQL database dump
--

-- Dumped from database version 12.9 (Ubuntu 12.9-2.pgdg20.04+1)
-- Dumped by pg_dump version 12.9 (Ubuntu 12.9-2.pgdg20.04+1)

SET statement_timeout = 0;
SET lock_timeout = 0;
SET idle_in_transaction_session_timeout = 0;
SET client_encoding = 'UTF8';
SET standard_conforming_strings = on;
SELECT pg_catalog.set_config('search_path', '', false);
SET check_function_bodies = false;
SET xmloption = content;
SET client_min_messages = warning;
SET row_security = off;

SET default_tablespace = '';

SET default_table_access_method = heap;

--
-- Name: blackhole; Type: TABLE; Schema: public; Owner: freecodecamp
--

CREATE TABLE public.blackhole (
    blackhole_id integer NOT NULL,
    gravity integer,
    galaxy_id integer,
    wormhole boolean DEFAULT false NOT NULL,
    name character varying(255) NOT NULL
);


ALTER TABLE public.blackhole OWNER TO freecodecamp;

--
-- Name: blackhole_blackhole_id_seq; Type: SEQUENCE; Schema: public; Owner: freecodecamp
--

CREATE SEQUENCE public.blackhole_blackhole_id_seq
    AS integer
    START WITH 1
    INCREMENT BY 1
    NO MINVALUE
    NO MAXVALUE
    CACHE 1;


ALTER TABLE public.blackhole_blackhole_id_seq OWNER TO freecodecamp;

--
-- Name: blackhole_blackhole_id_seq; Type: SEQUENCE OWNED BY; Schema: public; Owner: freecodecamp
--

ALTER SEQUENCE public.blackhole_blackhole_id_seq OWNED BY public.blackhole.blackhole_id;


--
-- Name: galaxy; Type: TABLE; Schema: public; Owner: freecodecamp
--

CREATE TABLE public.galaxy (
    galaxy_id integer NOT NULL,
    speed integer,
    description text,
    name character varying(255) NOT NULL,
    rotation boolean DEFAULT true NOT NULL
);


ALTER TABLE public.galaxy OWNER TO freecodecamp;

--
-- Name: galaxy_galaxy_id_seq; Type: SEQUENCE; Schema: public; Owner: freecodecamp
--

CREATE SEQUENCE public.galaxy_galaxy_id_seq
    AS integer
    START WITH 1
    INCREMENT BY 1
    NO MINVALUE
    NO MAXVALUE
    CACHE 1;


ALTER TABLE public.galaxy_galaxy_id_seq OWNER TO freecodecamp;

--
-- Name: galaxy_galaxy_id_seq; Type: SEQUENCE OWNED BY; Schema: public; Owner: freecodecamp
--

ALTER SEQUENCE public.galaxy_galaxy_id_seq OWNED BY public.galaxy.galaxy_id;


--
-- Name: moon; Type: TABLE; Schema: public; Owner: freecodecamp
--

CREATE TABLE public.moon (
    moon_id integer NOT NULL,
    name character varying(255) NOT NULL,
    has_water boolean NOT NULL,
    planet_id integer NOT NULL,
    name_code character varying(255) NOT NULL
);


ALTER TABLE public.moon OWNER TO freecodecamp;

--
-- Name: moon_moon_id_seq; Type: SEQUENCE; Schema: public; Owner: freecodecamp
--

CREATE SEQUENCE public.moon_moon_id_seq
    AS integer
    START WITH 1
    INCREMENT BY 1
    NO MINVALUE
    NO MAXVALUE
    CACHE 1;


ALTER TABLE public.moon_moon_id_seq OWNER TO freecodecamp;

--
-- Name: moon_moon_id_seq; Type: SEQUENCE OWNED BY; Schema: public; Owner: freecodecamp
--

ALTER SEQUENCE public.moon_moon_id_seq OWNED BY public.moon.moon_id;


--
-- Name: planet; Type: TABLE; Schema: public; Owner: freecodecamp
--

CREATE TABLE public.planet (
    planet_id integer NOT NULL,
    name character varying(255) NOT NULL,
    amount_of_people numeric,
    time_travel boolean DEFAULT false NOT NULL,
    star_id integer NOT NULL
);


ALTER TABLE public.planet OWNER TO freecodecamp;

--
-- Name: planet_planet_id_seq; Type: SEQUENCE; Schema: public; Owner: freecodecamp
--

CREATE SEQUENCE public.planet_planet_id_seq
    AS integer
    START WITH 1
    INCREMENT BY 1
    NO MINVALUE
    NO MAXVALUE
    CACHE 1;


ALTER TABLE public.planet_planet_id_seq OWNER TO freecodecamp;

--
-- Name: planet_planet_id_seq; Type: SEQUENCE OWNED BY; Schema: public; Owner: freecodecamp
--

ALTER SEQUENCE public.planet_planet_id_seq OWNED BY public.planet.planet_id;


--
-- Name: star; Type: TABLE; Schema: public; Owner: freecodecamp
--

CREATE TABLE public.star (
    star_id integer NOT NULL,
    radius integer NOT NULL,
    color character varying(255) NOT NULL,
    name character varying(255) NOT NULL,
    galaxy_id integer
);


ALTER TABLE public.star OWNER TO freecodecamp;

--
-- Name: star_star_id_seq; Type: SEQUENCE; Schema: public; Owner: freecodecamp
--

CREATE SEQUENCE public.star_star_id_seq
    AS integer
    START WITH 1
    INCREMENT BY 1
    NO MINVALUE
    NO MAXVALUE
    CACHE 1;


ALTER TABLE public.star_star_id_seq OWNER TO freecodecamp;

--
-- Name: star_star_id_seq; Type: SEQUENCE OWNED BY; Schema: public; Owner: freecodecamp
--

ALTER SEQUENCE public.star_star_id_seq OWNED BY public.star.star_id;


--
-- Name: blackhole blackhole_id; Type: DEFAULT; Schema: public; Owner: freecodecamp
--

ALTER TABLE ONLY public.blackhole ALTER COLUMN blackhole_id SET DEFAULT nextval('public.blackhole_blackhole_id_seq'::regclass);


--
-- Name: galaxy galaxy_id; Type: DEFAULT; Schema: public; Owner: freecodecamp
--

ALTER TABLE ONLY public.galaxy ALTER COLUMN galaxy_id SET DEFAULT nextval('public.galaxy_galaxy_id_seq'::regclass);


--
-- Name: moon moon_id; Type: DEFAULT; Schema: public; Owner: freecodecamp
--

ALTER TABLE ONLY public.moon ALTER COLUMN moon_id SET DEFAULT nextval('public.moon_moon_id_seq'::regclass);


--
-- Name: planet planet_id; Type: DEFAULT; Schema: public; Owner: freecodecamp
--

ALTER TABLE ONLY public.planet ALTER COLUMN planet_id SET DEFAULT nextval('public.planet_planet_id_seq'::regclass);


--
-- Name: star star_id; Type: DEFAULT; Schema: public; Owner: freecodecamp
--

ALTER TABLE ONLY public.star ALTER COLUMN star_id SET DEFAULT nextval('public.star_star_id_seq'::regclass);


--
-- Data for Name: blackhole; Type: TABLE DATA; Schema: public; Owner: freecodecamp
--

COPY public.blackhole (blackhole_id, gravity, galaxy_id, wormhole, name) FROM stdin;
1	\N	\N	f	bh1
2	\N	\N	f	bh2
3	\N	\N	f	bh3
\.


--
-- Data for Name: galaxy; Type: TABLE DATA; Schema: public; Owner: freecodecamp
--

COPY public.galaxy (galaxy_id, speed, description, name, rotation) FROM stdin;
1	\N	\N	galaxy1	t
2	\N	\N	galaxy2	t
3	\N	\N	galaxy3	t
4	\N	\N	galaxy4	t
5	\N	\N	galaxy5	t
6	\N	\N	galaxy6	t
\.


--
-- Data for Name: moon; Type: TABLE DATA; Schema: public; Owner: freecodecamp
--

COPY public.moon (moon_id, name, has_water, planet_id, name_code) FROM stdin;
1	moon1	t	2	moon1
2	moon2	t	2	moon2
3	moon3	t	2	moon3
5	moon3	t	3	moon4
7	moon3	t	3	moon5
8	moon3	t	3	moon6
9	moon3	t	3	moon7
10	moon3	t	4	moon8
11	moon3	t	4	moon9
12	moon3	t	4	moon10
13	moon3	t	4	mooon1
15	moon4	t	5	mooon2
16	moon4	t	5	mooon3
18	moon4	t	5	mooon4
19	moon4	t	5	mooon5
20	moon4	t	5	mooon6
21	moon4	t	5	mooon7
22	moon4	t	5	mooon8
23	moon4	t	5	mooon9
24	moon4	t	5	mooon10
\.


--
-- Data for Name: planet; Type: TABLE DATA; Schema: public; Owner: freecodecamp
--

COPY public.planet (planet_id, name, amount_of_people, time_travel, star_id) FROM stdin;
1	earth	\N	f	1
2	mars	\N	f	1
3	neptune	\N	f	1
4	venus	\N	f	1
5	saturn	\N	f	1
6	planet	\N	f	1
7	pluto	\N	f	1
8	mercury	\N	f	1
9	julian	\N	f	1
10	jambel	\N	f	2
11	gabbriel	\N	f	2
12	hunia	\N	f	2
13	kento	\N	f	3
\.


--
-- Data for Name: star; Type: TABLE DATA; Schema: public; Owner: freecodecamp
--

COPY public.star (star_id, radius, color, name, galaxy_id) FROM stdin;
1	123455	red	megatrone	1
2	123455	green	jelly	1
3	123455	yellow	kaentanl	1
4	123455	yellow	hanyya	2
5	123455	purple	frandisses	2
6	123455	blue	eulinge	2
\.


--
-- Name: blackhole_blackhole_id_seq; Type: SEQUENCE SET; Schema: public; Owner: freecodecamp
--

SELECT pg_catalog.setval('public.blackhole_blackhole_id_seq', 3, true);


--
-- Name: galaxy_galaxy_id_seq; Type: SEQUENCE SET; Schema: public; Owner: freecodecamp
--

SELECT pg_catalog.setval('public.galaxy_galaxy_id_seq', 6, true);


--
-- Name: moon_moon_id_seq; Type: SEQUENCE SET; Schema: public; Owner: freecodecamp
--

SELECT pg_catalog.setval('public.moon_moon_id_seq', 24, true);


--
-- Name: planet_planet_id_seq; Type: SEQUENCE SET; Schema: public; Owner: freecodecamp
--

SELECT pg_catalog.setval('public.planet_planet_id_seq', 13, true);


--
-- Name: star_star_id_seq; Type: SEQUENCE SET; Schema: public; Owner: freecodecamp
--

SELECT pg_catalog.setval('public.star_star_id_seq', 6, true);


--
-- Name: blackhole blackhole_name_key; Type: CONSTRAINT; Schema: public; Owner: freecodecamp
--

ALTER TABLE ONLY public.blackhole
    ADD CONSTRAINT blackhole_name_key UNIQUE (name);


--
-- Name: blackhole blackhole_pkey; Type: CONSTRAINT; Schema: public; Owner: freecodecamp
--

ALTER TABLE ONLY public.blackhole
    ADD CONSTRAINT blackhole_pkey PRIMARY KEY (blackhole_id);


--
-- Name: galaxy galaxy_pkey; Type: CONSTRAINT; Schema: public; Owner: freecodecamp
--

ALTER TABLE ONLY public.galaxy
    ADD CONSTRAINT galaxy_pkey PRIMARY KEY (galaxy_id);


--
-- Name: moon moon_name_code_key; Type: CONSTRAINT; Schema: public; Owner: freecodecamp
--

ALTER TABLE ONLY public.moon
    ADD CONSTRAINT moon_name_code_key UNIQUE (name_code);


--
-- Name: moon moon_pkey; Type: CONSTRAINT; Schema: public; Owner: freecodecamp
--

ALTER TABLE ONLY public.moon
    ADD CONSTRAINT moon_pkey PRIMARY KEY (moon_id);


--
-- Name: galaxy name_unique; Type: CONSTRAINT; Schema: public; Owner: freecodecamp
--

ALTER TABLE ONLY public.galaxy
    ADD CONSTRAINT name_unique UNIQUE (name);


--
-- Name: planet name_unique_planet; Type: CONSTRAINT; Schema: public; Owner: freecodecamp
--

ALTER TABLE ONLY public.planet
    ADD CONSTRAINT name_unique_planet UNIQUE (name);


--
-- Name: star name_unique_star; Type: CONSTRAINT; Schema: public; Owner: freecodecamp
--

ALTER TABLE ONLY public.star
    ADD CONSTRAINT name_unique_star UNIQUE (name);


--
-- Name: planet planet_pkey; Type: CONSTRAINT; Schema: public; Owner: freecodecamp
--

ALTER TABLE ONLY public.planet
    ADD CONSTRAINT planet_pkey PRIMARY KEY (planet_id);


--
-- Name: star star_pkey; Type: CONSTRAINT; Schema: public; Owner: freecodecamp
--

ALTER TABLE ONLY public.star
    ADD CONSTRAINT star_pkey PRIMARY KEY (star_id);


--
-- Name: star fk_galaxy; Type: FK CONSTRAINT; Schema: public; Owner: freecodecamp
--

ALTER TABLE ONLY public.star
    ADD CONSTRAINT fk_galaxy FOREIGN KEY (galaxy_id) REFERENCES public.galaxy(galaxy_id);


--
-- Name: moon fk_planet; Type: FK CONSTRAINT; Schema: public; Owner: freecodecamp
--

ALTER TABLE ONLY public.moon
    ADD CONSTRAINT fk_planet FOREIGN KEY (planet_id) REFERENCES public.planet(planet_id);


--
-- Name: planet fk_star; Type: FK CONSTRAINT; Schema: public; Owner: freecodecamp
--

ALTER TABLE ONLY public.planet
    ADD CONSTRAINT fk_star FOREIGN KEY (star_id) REFERENCES public.star(star_id);


--
-- PostgreSQL database dump complete
--

